Player,First,Last,GP,GS,W,L,TOL,GA,SA,SV,SV_PCT,GAA,SO,MIN,G,A,PTS,PIM
George Abbott,1944,1944,1,,0,1,0,7,,,,7,0,60,0,0,0,0
John Adams,1973,1975,22,,9,10,1,85,,,,4.32,1,1180,0,0,0,2
David Aebischer,2001,2008,214,1,106,74,17,513,5807,5294,0.912,2.52,13,12230,0,5,5,30
Don Aiken,1958,1958,1,,0,1,0,6,,,,10.59,0,34,0,0,0,0
Andy Aitkenhead,1933,1935,106,,47,43,16,257,,,,2.35,11,6570,0,0,0,0
Sami Aittokallio,2013,2014,2,2,0,1,0,5,43,38,0.884,3.37,0,89,0,0,0,0
Jake Allen,2013,2015,48,41,28,10,4,108,1145,1037,0.906,2.45,5,2642,0,2,2,2
Red Almas,1947,1953,3,,0,2,1,13,,,,4.33,0,180,0,0,0,0
Frederik Andersen,2014,2015,79,72,53,16,5,177,2140,1963,0.917,2.36,3,4495,0,4,4,4
Craig Anderson,2003,2015,406,329,182,148,48,1041,12299,11258,0.915,2.72,29,22923,0,12,12,52
Lorne Anderson,1952,1952,3,,1,2,0,18,,,,6,0,180,0,0,0,0
Tom Askey,1998,1998,7,,0,1,2,12,113,101,0.894,2.64,0,273,0,0,0,0
Hardy Astrom,1978,1981,83,,17,44,12,278,,,,3.74,0,4456,0,1,1,8
Jean-Sebastien Aubin,1999,2008,218,12,80,83,16,547,5455,4908,0.9,2.93,7,11197,0,3,3,10
Alex Auld,2002,2012,237,106,91,88,32,606,6293,5687,0.904,2.8,6,12986,0,7,7,12
Jason Bacashihua,2006,2007,38,,7,17,4,99,965,866,0.897,3.19,0,1860,0,1,1,2
Ryan Bach,1999,1999,3,,0,3,0,8,66,58,0.879,4.44,0,108,0,0,0,0
Richard Bachman,2011,2015,39,28,15,14,2,95,963,868,0.901,3.02,2,1888,0,1,1,0
Johan Backlund,2010,2010,1,1,0,1,0,2,24,22,0.917,3,0,40,0,0,0,0
Niklas Backstrom,2007,2015,409,354,194,142,50,962,11283,10321,0.915,2.48,28,23248,0,5,5,22
Scott Bailey,1996,1997,19,,6,6,2,55,445,390,0.876,3.42,0,965,0,0,0,0
Steve Baker,1980,1983,57,,20,20,11,190,,,,3.7,3,3081,0,0,0,7
Mike Bales,1993,1997,23,,2,15,1,77,589,512,0.869,4.13,0,1120,0,0,0,2
Murray Bannerman,1978,1987,289,,116,125,33,1051,6174,5428,0.879,3.83,8,16470,0,10,10,37
Marco Baron,1980,1985,86,,34,38,9,292,642,553,0.861,3.63,1,4822,0,4,4,56
Tom Barrasso,1984,2003,777,,369,277,86,2385,22090,19705,0.892,3.24,38,44180,0,48,48,437
Hank Bassen,1955,1968,156,,46,66,31,434,,,,2.97,5,8759,0,2,2,38
Baz Bastien,1946,1946,5,,0,4,1,20,,,,4,0,300,0,0,0,0
Garry Bauman,1967,1969,35,,5,16,6,102,,,,3.56,0,1719,0,0,0,2
Don Beaupre,1981,1997,667,,268,277,75,2151,15419,13627,0.884,3.45,17,37396,0,8,8,283
Stephane Beauregard,1990,1994,90,,19,39,11,268,2220,1952,0.879,3.65,2,4402,0,2,2,6
Chris Beckford-Tseu,2008,2008,1,0,0,0,0,1,9,8,0.889,2.22,0,27,0,0,0,0
Jim Bedard,1978,1979,73,,17,40,13,278,,,,3.94,1,4232,0,2,2,10
Marc Behrend,1984,1986,39,,12,19,3,160,1028,868,0.844,4.82,1,1991,0,0,0,0
Yves Belanger,1975,1980,78,,29,33,6,259,,,,3.76,2,4134,0,5,5,4
Ed Belfour*,1989,2007,963,,484,320,125,2317,24751,22434,0.906,2.5,76,55695,0,34,34,380
Michel Belhumeur,1973,1976,65,,9,36,7,254,,,,4.61,0,3306,0,4,4,12
Gordie Bell,1946,1946,8,,3,5,0,31,,,,3.87,0,480,0,0,0,0
Clint Benedict*,1918,1930,362,,190,143,28,863,,,,2.32,57,22367,0,0,0,7
Harvey Bennett,1945,1945,25,,10,12,2,103,,,,4.2,0,1470,0,0,0,0
Jean-Claude Bergeron,1991,1997,72,,21,33,7,232,1728,1496,0.866,3.69,1,3772,0,2,2,4
Adam Berkhoel,2006,2006,9,,2,4,1,30,255,225,0.882,3.81,0,473,0,0,0,0
Tim Bernhardt,1983,1987,67,,17,36,7,267,1840,1594,0.866,4.27,0,3748,0,3,3,4
Jonathan Bernier,2008,2015,171,153,75,66,19,417,4954,4537,0.916,2.63,9,9496,0,4,4,4
Reto Berra,2014,2015,46,38,12,21,4,116,1117,1001,0.896,3.05,0,2282,0,0,0,2
Daniel Berthiaume,1987,1994,215,,81,90,21,714,5849,5135,0.878,3.67,5,11662,0,4,4,34
Allan Bester,1984,1996,219,,73,99,17,786,6699,5913,0.883,4.01,7,11773,0,8,8,32
Bill Beveridge,1930,1943,297,,87,166,42,879,,,,2.87,18,18375,0,0,0,0
Paul Bibeault,1941,1947,214,,81,107,25,785,,,,3.65,10,12890,0,0,0,2
Zac Bierk,1998,2004,47,,9,20,5,113,1145,1032,0.901,3.18,1,2135,0,1,1,6
Craig Billington,1986,2003,332,,110,149,31,1034,8388,7354,0.877,3.63,9,17097,0,6,6,42
Andre Binette,1955,1955,1,,1,0,0,4,,,,4,0,60,0,0,0,0
Les Binkley,1968,1972,196,,58,94,34,575,,,,3.12,11,11046,0,1,1,2
Martin Biron,1996,2014,508,179,230,191,52,1247,13893,12646,0.91,2.61,28,28614,0,14,14,81
Ben Bishop,2009,2015,165,154,91,44,15,366,4444,4078,0.918,2.39,11,9200,0,4,4,10
Richard Bittner,1950,1950,1,,0,0,1,3,,,,3,0,60,0,0,0,0
Dan Blackburn,2002,2003,63,,20,32,4,188,1777,1589,0.894,3.22,1,3499,0,0,0,12
Mike Blake,1982,1984,40,,13,15,5,150,891,773,0.868,4.25,0,2117,0,1,1,8
John Blue,1993,1996,46,,16,18,7,126,1141,1015,0.89,3,1,2521,0,2,2,13
Sergei Bobrovsky,2011,2015,224,213,120,71,23,533,6519,5986,0.918,2.52,10,12710,0,5,5,8
Gilles Boisvert,1960,1960,3,,0,3,0,9,,,,3,0,180,0,0,0,0
Dan Bouchard,1973,1986,655,,286,232,113,2061,3137,2749,0.876,3.26,27,37919,0,29,29,253
Brian Boucher,2000,2013,328,87,120,139,45,822,8272,7450,0.901,2.71,17,18220,0,3,3,18
Claude Bourque,1939,1940,62,,16,38,8,193,,,,3.02,4,3830,0,0,0,0
Rollie Boutin,1979,1981,22,,7,10,1,75,,,,3.96,0,1137,0,1,1,6
Lionel Bouvrette,1943,1943,1,,0,1,0,6,,,,6,0,60,0,0,0,0
Johnny Bower*,1954,1970,552,,250,195,90,1340,,,,2.51,37,32016,0,3,3,36
Fred Brathwaite,1994,2004,254,,81,99,37,629,6344,5715,0.901,2.73,15,13840,0,3,3,12
Frank Brimsek*,1939,1950,514,,252,182,80,1404,,,,2.7,40,31210,0,0,0,6
Martin Brochu,1999,2004,9,,0,5,0,22,178,156,0.876,3.58,0,369,0,0,0,2
Turk Broda*,1937,1952,629,,302,224,101,1609,,,,2.53,62,38167,0,0,0,8
Ken Broderick,1970,1975,27,,11,12,1,74,,,,3.03,1,1464,0,1,1,2
Len Broderick,1958,1958,1,,1,0,0,2,,,,2,0,60,0,0,0,0
Martin Brodeur,1992,2015,1266,369,691,397,154,2781,31709,28928,0.912,2.24,125,74439,2,45,47,122
Mike Brodeur,2010,2011,7,4,3,1,0,10,129,119,0.922,2.17,1,277,0,0,0,0
Richard Brodeur,1980,1988,385,,131,175,62,1410,6245,5394,0.864,3.85,6,21968,0,8,8,26
Gary Bromley,1974,1981,136,,54,44,28,425,,,,3.43,7,7427,0,6,6,12
Art Brooks,1918,1918,4,,2,2,0,23,,,,6.27,0,220,0,0,0,0
Ross Brooks,1973,1975,54,,37,7,6,134,,,,2.64,4,3047,0,1,1,2
Frank Brophy,1920,1920,21,,3,18,0,148,,,,7.11,0,1249,0,0,0,0
Andy Brown,1972,1974,62,,22,26,9,213,,,,3.79,1,3373,0,1,1,64
Ken Brown,1971,1971,1,,0,0,0,1,,,,3.33,0,18,0,0,0,0
Mario Brunetta,1988,1990,40,,12,17,1,128,994,866,0.871,3.9,0,1967,0,0,0,16
Barry Brust,2007,2007,11,,2,4,1,30,245,215,0.878,3.7,0,486,0,0,0,0
Ilya Bryzgalov,2002,2015,465,392,221,162,54,1141,13011,11870,0.912,2.58,34,26550,0,12,12,20
Peter Budaj,2006,2014,296,183,124,107,36,752,7759,7007,0.903,2.76,11,16344,0,10,10,20
Bruce Bullock,1973,1977,16,,3,9,3,74,,,,4.79,0,927,0,0,0,2
Sean Burke,1988,2007,820,,324,341,110,2290,23299,21009,0.902,2.96,38,46442,0,28,28,310
Steve Buzinski,1943,1943,9,,2,6,1,55,,,,5.89,0,560,0,0,0,0
Don Caley,1968,1968,1,,0,0,0,3,,,,6,0,30,0,0,0,0
Jack Campbell,2014,2014,1,1,0,1,0,6,47,41,0.872,6,0,60,0,0,0,0
Frank Caprice,1983,1988,102,,31,46,11,391,2767,2379,0.86,4.2,1,5589,0,3,3,17
Jim Carey,1995,1999,172,,79,65,16,416,4066,3650,0.898,2.58,16,9668,0,1,1,8
Jacques Caron,1968,1974,72,,24,29,11,211,,,,3.29,2,3846,0,1,1,2
Sebastien Caron,2003,2012,95,2,26,48,12,296,2741,2445,0.892,3.44,4,5156,0,1,1,12
Lyle Carter,1972,1972,15,,4,7,0,50,,,,4.16,0,721,0,0,0,2
Jon Casey,1984,1997,425,,170,157,55,1246,11164,9918,0.888,3.21,16,23255,0,13,13,126
Frederic Cassivi,2002,2007,13,,3,6,1,38,353,315,0.892,3.63,0,628,0,0,0,0
Roman Cechmanek,2001,2004,212,,110,64,28,419,5161,4742,0.919,2.08,25,12085,0,1,1,24
Sebastien Centomo,2002,2002,1,,0,0,0,3,12,9,0.75,4.5,0,40,0,0,0,0
Frederic Chabot,1991,1999,32,,4,8,4,62,583,521,0.894,2.95,0,1262,0,0,0,2
Lorne Chabot,1927,1937,412,,201,147,62,859,,,,2.03,71,25411,0,0,0,10
Ed Chadwick,1956,1962,184,,57,92,35,541,,,,2.94,14,11040,0,0,0,0
Bob Champoux,1974,1974,17,,2,11,3,80,,,,5.2,0,923,0,0,0,0
Sebastien Charpentier,2002,2004,26,,6,14,1,66,672,606,0.902,2.93,0,1350,0,0,0,0
Gerry Cheevers*,1962,1980,418,,230,102,74,1174,,,,2.89,26,24394,0,11,11,214
Tim Cheveldae,1989,1997,340,,149,136,37,1116,9530,8414,0.883,3.49,10,19172,0,16,16,18
Alain Chevrier,1986,1991,234,,91,100,14,845,6197,5352,0.864,4.16,2,12202,0,11,11,35
Andy Chiodo,2004,2004,8,,3,4,1,28,260,232,0.892,3.46,0,486,0,0,0,0
Mathieu Chouinard,2004,2004,1,,0,0,0,0,2,2,1,0,0,3,0,0,0,0
Scott Clemmensen,2002,2015,191,137,73,59,24,468,4931,4463,0.905,2.79,7,10059,0,3,3,4
Chris Clifford,1985,1989,2,,0,0,0,0,8,8,1,0,0,24,0,0,0,0
Matt Climie,2009,2011,5,4,2,2,0,15,139,124,0.892,3.25,0,277,0,0,0,0
Dan Cloutier,1998,2008,351,9,139,142,37,874,8625,7751,0.899,2.77,15,18927,0,5,5,147
Jacques Cloutier,1982,1994,255,,82,102,24,778,5448,4764,0.874,3.64,3,12826,0,7,7,51
Gerald Coleman,2006,2006,2,,0,0,1,2,17,15,0.882,2.79,0,43,0,0,0,0
Les Colvin,1949,1949,1,,0,1,0,4,,,,4,0,60,0,0,0,0
Ty Conklin,2002,2012,215,120,96,67,21,516,5484,4968,0.906,2.69,17,11527,0,3,3,37
Alec Connell*,1925,1937,417,,193,156,67,830,,,,1.91,81,26050,0,0,0,4
Jim Corsi,1980,1980,26,,8,14,3,83,,,,3.65,0,1366,0,3,3,6
Maurice Courteau,1944,1944,6,,2,4,0,33,,,,5.5,0,360,0,0,0,0
Marcel Cousineau,1997,2000,26,,4,10,1,51,509,458,0.9,2.92,1,1047,0,1,1,0
Wayne Cowley,1994,1994,1,,0,1,0,3,35,32,0.914,3.16,0,57,0,0,0,0
Abbie Cox,1930,1936,5,,1,1,2,11,,,,2.51,0,263,0,0,0,0
Jim Craig,1980,1984,30,,11,10,7,100,56,47,0.839,3.78,0,1588,0,1,1,11
Corey Crawford,2006,2015,264,249,146,76,34,594,7079,6485,0.916,2.35,12,15177,0,3,3,10
Jiri Crha,1980,1981,69,,28,27,11,261,,,,3.97,0,3942,0,1,1,12
Roger Crozier,1964,1977,518,,206,197,70,1446,,,,3.04,30,28567,0,3,3,42
Wilf Cude,1931,1941,282,,100,132,49,798,,,,2.72,24,17586,0,0,0,0
John Curry,2009,2015,8,5,3,2,1,20,165,145,0.879,3.68,0,326,0,0,0,0
Don Cutts,1980,1980,6,,1,2,1,16,,,,3.57,0,269,0,0,0,6
Claude Cyr,1959,1959,1,,0,0,0,1,,,,3,0,20,0,0,0,0
Corrie D'Alessio,1993,1993,1,,0,0,0,0,3,3,1,0,0,11,0,0,0,0
Marc D'Amour,1986,1989,16,,2,4,2,32,324,292,0.901,3.32,0,579,0,0,0,22
Doug Dadswell,1987,1988,27,,8,8,3,99,701,602,0.859,4.41,0,1346,0,2,2,2
Byron Dafoe,1993,2004,415,,171,170,56,1051,10897,9846,0.904,2.69,26,23478,0,8,8,68
Joe Daley,1969,1972,105,,34,44,19,326,,,,3.35,3,5836,0,1,1,16
Nick Damore,1942,1942,1,,1,0,0,3,,,,3,0,60,0,0,0,0
Jean-Francois Damphousse,2002,2002,6,,1,3,0,12,115,103,0.896,2.45,0,294,0,0,0,0
Yann Danis,2006,2013,53,35,17,21,4,123,1363,1240,0.91,2.75,3,2681,0,0,0,0
Scott Darling,2015,2015,11,10,7,3,0,20,325,305,0.938,1.84,1,653,0,0,0,0
Cleon Daskalakis,1985,1987,12,,3,4,1,41,255,214,0.839,4.86,0,506,0,0,0,0
John Davidson,1974,1983,301,,123,124,39,1004,,,,3.52,7,17109,0,7,7,60
Bob DeCourcy,1948,1948,1,,0,1,0,6,,,,12.41,0,29,0,0,0,0
Norm Defelice,1957,1957,10,,3,5,2,30,,,,3,0,600,0,0,0,2
Denis DeJordy,1963,1974,316,,124,128,51,929,,,,3.13,15,17798,0,3,3,2
Mark Dekanich,2011,2011,1,0,0,0,0,3,25,22,0.88,3.6,0,50,0,0,0,0
Matt DelGuidice,1991,1992,11,,2,5,1,28,246,218,0.886,3.87,0,434,0,0,0,2
Marc Denis,1997,2009,349,4,112,179,31,982,10044,9062,0.902,3.02,16,19526,0,6,6,32
Philippe DeRouville,1995,1997,3,,1,2,0,9,93,84,0.903,3.16,0,171,0,0,0,0
Cedrick Desjardins,2011,2014,6,4,2,4,0,12,149,137,0.919,2.42,0,298,0,0,0,2
Gerry Desjardins,1969,1978,331,,122,153,44,1042,,,,3.29,12,19014,0,3,3,39
Jeff Deslauriers,2009,2012,62,58,23,32,4,193,1944,1751,0.901,3.24,3,3579,0,4,4,8
Patrick DesRochers,2002,2003,11,,2,6,1,33,258,225,0.872,3.67,0,540,0,0,0,2
Bill Dickie,1942,1942,1,,1,0,0,3,,,,3,0,60,0,0,0,0
Connie Dion,1944,1945,38,,23,11,4,119,,,,3.13,1,2280,0,0,0,0
Michel Dion,1980,1985,227,,60,118,32,898,1253,1072,0.856,4.24,2,12695,0,6,6,24
Rick DiPietro,2001,2013,318,108,130,136,36,871,8915,8044,0.902,2.87,16,18199,0,19,19,129
Reinhard Divis,2002,2006,28,,6,9,3,67,560,493,0.88,3.32,0,1212,0,0,0,2
Dolly Dolson,1929,1931,93,,35,41,17,192,,,,1.98,16,5820,0,0,0,0
Louis Domingue,2015,2015,5,3,1,1,1,10,113,103,0.912,2.64,0,227,0,0,0,0
Rob Dopson,1994,1994,2,,0,0,0,3,23,20,0.87,4,0,45,0,0,0,0
Bruce Dowie,1984,1984,2,,0,1,0,4,43,39,0.907,3.33,0,72,0,0,0,0
Tom Draper,1989,1996,53,,19,23,5,173,1407,1234,0.877,3.7,1,2807,0,3,3,4
Chris Driedger,2015,2015,1,,0,0,0,0,10,10,1,0,0,23,0,0,0,0
Dave Dryden,1962,1980,203,,66,76,31,555,,,,3.19,9,10424,0,4,4,4
Ken Dryden*,1971,1979,397,,258,57,74,870,,,,2.24,46,23352,0,19,19,12
Wade Dubielewicz,2004,2010,43,20,18,16,2,97,1131,1034,0.914,2.65,0,2196,0,0,0,0
Devan Dubnyk,2010,2015,226,208,96,88,25,572,6635,6063,0.914,2.69,14,12739,0,3,3,10
Jeremy Duchesne,2010,2010,1,0,0,0,0,1,4,3,0.75,3.53,0,17,0,0,0,0
Parris Duffus,1997,1997,1,,0,0,0,1,8,7,0.875,2.07,0,29,0,0,0,0
Michel Dumas,1975,1977,8,,2,1,2,24,,,,3.98,0,362,0,1,1,0
Mike Dunham,1997,2007,394,,141,178,44,989,10701,9712,0.908,2.74,19,21653,0,5,5,16
Bob Dupuis,1980,1980,1,,0,1,0,4,,,,4,0,60,0,0,0,0
Bill Durnan*,1944,1950,383,,208,112,62,901,,,,2.36,34,22945,0,1,1,7
Ed Dyck,1972,1974,49,,8,28,5,178,,,,4.35,1,2453,0,0,0,0
Don Edwards,1977,1986,459,,208,155,74,1449,3215,2783,0.866,3.32,16,26181,0,14,14,42
Gary Edwards,1969,1982,286,,88,125,51,973,,,,3.65,10,16002,0,7,7,48
Marv Edwards,1969,1974,61,,15,34,7,218,,,,3.77,2,3467,0,3,3,34
Roy Edwards,1968,1974,236,,97,88,38,637,,,,2.92,12,13109,0,2,2,6
Brian Eklund,2006,2006,1,,0,1,0,3,19,16,0.842,3.1,0,58,0,0,0,0
Darren Eliot,1985,1989,89,,25,41,12,377,2536,2159,0.851,4.59,1,4931,0,2,2,24
Ken Ellacott,1983,1983,12,,2,3,4,41,,,,4.43,0,555,0,0,0,0
Brian Elliott,2008,2015,278,251,140,90,26,620,7041,6421,0.912,2.44,30,15265,0,6,6,0
Dan Ellis,2004,2015,211,177,87,78,18,522,5551,5029,0.906,2.78,15,11247,0,6,6,6
Ray Emery,2003,2015,285,153,145,85,27,693,7380,6687,0.906,2.71,16,15364,0,4,4,79
Jhonas Enroth,2010,2015,125,110,39,61,14,343,3730,3387,0.908,2.95,4,6985,0,0,0,2
Chad Erickson,1992,1992,2,,1,1,0,9,55,46,0.836,4.5,0,120,0,0,0,0
Joacim Eriksson,2014,2014,1,0,,,,6,31,25,0.806,10,0,36,0,0,0,0
Erik Ersberg,2008,2010,53,45,18,19,10,120,1337,1217,0.91,2.55,2,2827,0,0,0,2
Robert Esche,1999,2007,186,,78,64,22,464,4616,4152,0.899,2.75,10,10139,0,8,8,65
Tony Esposito*,1969,1984,886,,423,306,151,2563,622,534,0.859,2.92,76,52585,0,25,25,31
Bob Essensa,1989,2002,446,,173,176,47,1270,12105,10835,0.895,3.15,18,24215,0,15,15,26
Claude Evans,1955,1958,5,,1,2,1,16,,,,3.69,0,260,0,0,0,0
Randy Exelby,1989,1990,2,,0,1,0,5,31,26,0.839,4.76,0,63,0,0,0,0
Scott Fankhouser,2000,2001,23,,4,12,2,65,611,546,0.894,3.31,0,1180,0,0,0,6
Rocky Farr,1973,1975,19,,2,6,3,42,,,,3.49,0,722,0,0,0,2
Viktor Fasth,2013,2015,63,59,26,26,7,161,1682,1521,0.904,2.79,4,3465,0,0,0,0
Doug Favell,1968,1979,373,,123,153,69,1096,,,,3.17,18,20771,0,8,8,152
Manny Fernandez,1995,2009,325,31,143,123,35,775,8803,8028,0.912,2.5,15,18580,0,6,6,40
Eric Fichaud,1996,2001,95,,22,47,10,251,2445,2194,0.897,3.14,2,4799,0,1,1,4
Brian Finley,2003,2007,4,,0,2,0,13,87,74,0.851,4.7,0,166,0,0,0,0
Stephane Fiset,1990,2002,390,,164,153,44,1114,11079,9965,0.899,3.07,16,21785,0,12,12,38
Mark Fitzpatrick,1989,2000,329,,113,136,49,953,9202,8249,0.896,3.12,8,18329,0,12,12,85
Wade Flaherty,1992,2003,120,,27,56,9,348,3093,2745,0.887,3.51,5,5941,0,3,3,6
Marc-Andre Fleury,2004,2015,590,437,321,186,54,1459,16478,15019,0.911,2.58,37,33882,0,13,13,48
Jake Forbes,1920,1933,210,,85,114,11,594,,,,2.76,19,12922,0,0,0,2
Brian Ford,1984,1985,11,,3,7,0,61,362,301,0.831,6.31,0,580,0,0,0,0
Anton Forsberg,2015,2015,5,5,0,4,0,20,149,129,0.866,4.69,0,256,0,0,0,0
Brian Foster,2012,2012,1,0,0,0,0,0,1,1,1,0,0,5,0,0,0,0
Norm Foster,1991,1992,13,,7,4,0,34,265,231,0.872,3.27,0,623,0,0,0,2
Mike Fountain,1997,2001,11,,2,6,0,28,234,206,0.88,3.48,1,483,0,0,0,2
Hec Fowler,1925,1925,7,,1,6,0,42,,,,6.16,0,409,0,0,0,0
Emile Francis*,1947,1952,95,,31,52,11,355,,,,3.76,1,5660,0,0,0,6
Jimmy Franks,1938,1944,42,,12,23,7,181,,,,4.31,1,2520,0,0,0,0
Jeff Frazee,2013,2013,1,0,0,0,0,0,3,3,1,0,0,19,0,0,0,0
Ray Frederick,1955,1955,5,,0,4,1,22,,,,4.4,0,300,0,0,0,0
Karl Friesen,1987,1987,4,,0,2,1,16,80,64,0.8,7.38,0,130,0,1,1,0
Bob Froese,1983,1990,242,,128,72,20,694,5738,5103,0.889,3.1,13,13451,0,10,10,90
Grant Fuhr*,1982,2000,868,,403,295,114,2756,21873,19403,0.887,3.38,25,48945,0,46,46,114
Yutaka Fukufuji,2007,2007,4,,0,3,0,7,43,36,0.837,4.37,0,96,0,0,0,0
Joaquin Gage,1995,2001,23,,4,12,1,67,515,448,0.87,3.74,0,1076,0,1,1,4
Dave Gagnon,1991,1991,2,,0,1,0,6,28,22,0.786,10.29,0,35,0,0,0,0
Bruce Gamble,1959,1972,327,,110,150,46,988,,,,3.21,22,18442,0,1,1,24
Troy Gamble,1987,1992,72,,22,29,9,229,1837,1608,0.875,3.61,1,3804,0,1,1,22
Bert Gardiner,1936,1944,144,,49,68,27,554,,,,3.79,3,8760,0,1,1,0
Charlie Gardiner*,1928,1934,316,,112,152,52,664,,,,2.02,42,19687,0,0,0,2
George Gardner,1966,1972,66,,16,30,6,207,,,,3.75,0,3313,0,0,0,0
Tyrone Garner,1999,1999,3,,0,2,0,12,74,62,0.838,5.18,0,139,0,0,0,0
Michael Garnett,2006,2006,24,,10,7,4,73,634,561,0.885,3.45,2,1271,0,2,2,0
Mathieu Garon,2001,2013,341,176,144,131,31,865,8938,8073,0.903,2.83,20,18342,0,7,7,28
John Garrett,1980,1985,207,,68,91,37,837,1001,844,0.843,4.27,1,11763,0,6,6,41
Dave Gatherum,1954,1954,3,,2,0,1,3,,,,1,1,180,0,0,0,0
Paul Gauthier,1938,1938,1,,0,0,1,2,,,,1.71,0,70,0,0,0,0
Sean Gauthier,1999,1999,1,,0,0,0,0,2,2,1,0,0,3,0,0,0,0
Jack Gelineau,1949,1954,143,,46,64,33,447,,,,3.13,7,8580,0,0,0,4
Martin Gerber,2003,2011,229,84,113,78,21,566,6349,5783,0.911,2.63,10,12920,0,7,7,30
Ed Giacomin*,1966,1978,609,,289,209,96,1672,,,,2.82,54,35633,0,9,9,66
John Gibson,2014,2015,25,22,16,7,0,59,739,680,0.92,2.42,2,1462,0,0,0,0
Jean-Sebastien Giguere,1997,2014,597,222,262,216,75,1423,16325,14902,0.913,2.53,38,33717,0,7,7,98
Gilles Gilbert,1970,1983,416,,192,143,60,1290,,,,3.27,18,23677,0,9,9,110
Andre Gill,1968,1968,5,,3,2,0,13,,,,2.89,1,270,0,0,0,0
Paul Goodman,1940,1941,52,,23,20,9,117,,,,2.17,6,3240,0,0,0,0
Scott Gordon,1990,1991,23,,2,16,0,101,593,492,0.83,5.6,0,1082,0,0,0,0
Mario Gosselin,1984,1994,241,,91,107,14,801,6228,5427,0.871,3.74,6,12857,0,9,9,42
David Goverde,1992,1994,5,,1,4,0,29,151,122,0.808,6.26,0,278,0,1,1,0
John Grahame,2000,2008,224,12,97,86,18,574,5612,5038,0.898,2.79,12,12363,0,9,9,51
Ron Grahame,1978,1981,114,,50,43,15,409,,,,3.79,5,6472,0,3,3,10
Benny Grant,1929,1944,52,,17,27,4,188,,,,3.72,4,3036,0,0,0,0
Doug Grant,1974,1980,77,,27,34,8,280,,,,4,2,4199,0,0,0,2
Gilles Gratton,1976,1977,47,,13,18,9,154,,,,4.02,0,2299,0,0,0,15
Gerry Gray,1971,1973,8,,1,5,1,35,,,,4.77,0,440,0,0,0,0
Harrison Gray,1964,1964,1,,0,1,0,5,,,,7.5,0,40,0,0,0,0
Mike Greenlay,1990,1990,2,,0,0,0,4,17,13,0.765,12,0,20,0,0,0,0
Thomas Greiss,2008,2015,88,67,36,29,11,191,2226,2035,0.914,2.45,3,4674,0,0,0,4
Troy Grosenick,2015,2015,2,2,1,1,0,3,58,55,0.948,1.53,1,118,0,0,0,0
Philipp Grubauer,2013,2015,20,16,7,6,5,42,553,511,0.924,2.44,0,1032,0,0,0,0
Kristers Gudlevskis,2014,2014,1,1,1,0,0,2,38,36,0.947,2,0,60,0,0,0,0
Steve Guenette,1987,1991,35,,19,16,0,122,1024,902,0.881,3.74,1,1958,0,1,1,4
Derek Gustafson,2001,2002,5,,1,3,0,10,104,94,0.904,2.26,0,265,0,0,0,0
Jonas Gustavsson,2010,2015,148,132,60,55,21,392,3956,3564,0.901,2.89,6,8134,0,4,4,10
Jeff Hackett,1989,2004,500,,166,244,56,1361,13873,12512,0.902,2.9,26,28125,0,9,9,62
Matt Hackett,2012,2015,26,18,4,17,2,67,709,642,0.906,3.11,0,1291,0,0,0,0
George Hainsworth*,1927,1937,465,,246,145,74,937,,,,1.93,94,29087,0,0,0,2
Jaroslav Halak,2007,2015,326,299,180,101,31,747,8994,8247,0.917,2.38,35,18793,0,4,4,10
Glenn Hall*,1953,1971,906,,407,326,163,2222,,,,2.49,84,53484,0,9,9,88
Pierre Hamel,1975,1981,69,,13,41,7,276,,,,4.4,0,3766,0,3,3,16
Andrew Hammond,2014,2015,18,14,14,1,1,31,513,482,0.94,1.85,2,1006,0,1,1,0
Glen Hanlon,1978,1991,477,,167,202,61,1561,8474,7499,0.885,3.6,13,26037,0,11,11,237
Josh Harding,2006,2014,151,117,60,59,11,327,3984,3657,0.918,2.45,10,7995,0,2,2,6
Paul Harrison,1976,1982,109,,28,59,9,408,,,,4.22,2,5806,0,1,1,28
Dominik Hasek*,1991,2008,735,40,389,223,95,1572,20220,18648,0.922,2.2,81,42837,0,19,19,170
Adam Hauser,2006,2006,1,,0,0,0,6,24,18,0.75,7.06,0,51,0,0,0,0
Brian Hayward,1983,1993,357,,143,156,37,1242,9112,7959,0.873,3.72,8,20025,0,13,13,95
Don Head,1962,1962,38,,9,26,3,158,,,,4.16,2,2280,0,0,0,14
Glenn Healy,1986,2001,437,,166,190,47,1361,12058,10697,0.887,3.37,13,24256,0,15,15,93
Guy Hebert,1992,2001,491,,191,222,56,1307,14400,13093,0.909,2.81,28,27889,0,6,6,22
Sammy Hebert,1918,1924,4,,2,1,0,19,,,,5.7,0,200,0,0,0,0
Johan Hedberg,2001,2013,373,169,161,143,36,977,9918,8941,0.901,2.82,22,20758,0,10,10,96
Cal Heeter,2014,2014,1,1,0,0,1,5,38,33,0.868,4.69,0,64,0,0,0,0
Rick Heinz,1981,1985,49,,14,19,5,159,565,482,0.853,4.05,2,2356,0,1,1,6
Riku Helenius,2009,2009,1,0,0,0,0,0,2,2,1,0,0,7,0,0,0,0
Magnus Hellberg,2014,2014,1,0,,,,1,4,3,0.75,5,0,12,0,0,0,0
John Henderson,1955,1956,46,,15,15,15,113,,,,2.52,5,2688,0,0,0,0
Gord Henry,1949,1950,3,,1,2,0,5,,,,1.67,1,180,0,0,0,0
Jim Henry,1942,1955,406,,161,173,70,1166,,,,2.87,28,24355,0,0,0,0
Denis Herron,1973,1986,462,,146,203,76,1579,2654,2332,0.879,3.7,10,25608,0,9,9,89
Ron Hextall,1987,1999,608,,296,214,69,1723,16366,14643,0.895,2.97,23,34750,1,32,33,584
Hec Highton,1944,1944,24,,10,14,0,108,,,,4.5,0,1440,0,0,0,0
Jonas Hiller,2008,2015,373,346,184,128,36,872,10405,9533,0.916,2.5,22,20952,0,8,8,2
Corey Hirsch,1993,2003,108,,34,45,14,301,2895,2594,0.896,3.13,4,5775,0,3,3,8
Milan Hnilicka,2000,2004,121,,29,67,13,359,3598,3239,0.9,3.31,5,6509,0,2,2,14
Charlie Hodge,1955,1971,358,,150,125,61,925,,,,2.7,24,20573,0,0,0,10
Kevin Hodson,1996,2003,71,,17,18,10,134,1250,1116,0.893,2.76,4,2910,0,1,1,6
Bruce Hoffort,1990,1991,9,,4,0,3,22,179,157,0.877,3.59,0,368,0,0,0,2
Paul Hoganson,1971,1971,2,,0,1,0,7,,,,7.37,0,57,0,0,0,0
Goran Hogosta,1978,1980,22,,5,12,3,83,,,,4.12,1,1208,0,0,0,0
Mark Holden,1982,1985,8,,2,2,1,25,121,102,0.843,4.03,0,372,0,1,1,0
Ken Holland,1981,1984,4,,0,2,1,17,53,43,0.811,4.95,0,206,0,0,0,0
Rob Holland,1980,1981,44,,11,22,9,171,,,,4.08,1,2513,0,0,0,2
Hap Holmes*,1918,1928,103,,39,54,10,264,,,,2.43,17,6510,0,0,0,0
Johan Holmqvist,2001,2008,99,47,48,34,9,262,2389,2127,0.89,2.99,3,5264,0,4,4,6
Chris Holt,2006,2009,2,0,0,0,0,0,5,5,1,0,0,29,0,0,0,0
Braden Holtby,2011,2015,172,160,97,50,17,396,4990,4594,0.921,2.44,19,9722,0,6,6,9
Martin Houle,2007,2007,1,,0,0,0,1,3,2,0.667,30,0,2,0,0,0,0
Jimmy Howard,2006,2015,335,321,173,99,47,782,9281,8499,0.916,2.42,20,19407,0,6,6,20
Jim Hrivnak,1990,1994,85,,34,30,3,262,2129,1867,0.877,3.73,0,4217,0,5,5,2
Kelly Hrudey,1984,1998,677,,271,265,88,2174,20328,18154,0.893,3.43,17,38084,0,16,16,173
Cristobal Huet,2003,2010,272,137,129,90,32,625,7216,6591,0.913,2.46,24,15260,0,3,3,10
Shawn Hunwick,2012,2012,1,0,0,0,0,0,0,0,,0,0,3,0,0,0,0
Jani Hurme,2000,2003,76,,29,25,11,176,1867,1691,0.906,2.61,6,4041,0,0,0,19
Michael Hutchinson,2014,2015,40,38,22,11,5,89,1049,960,0.915,2.36,2,2261,0,0,0,0
Carter Hutton,2013,2015,58,50,26,18,8,135,1460,1325,0.908,2.62,2,3095,0,1,1,2
Peter Ing,1990,1994,74,,20,37,9,266,2177,1911,0.878,4.05,1,3941,0,3,3,6
Gary Inness,1974,1981,162,,58,61,27,494,,,,3.4,2,8710,0,5,5,12
Arturs Irbe,1992,2004,568,,218,236,79,1513,15033,13520,0.899,2.83,33,32066,0,9,9,90
Randy Ireland,1979,1979,2,,0,0,0,3,,,,6,0,30,0,0,0,0
Robbie Irons,1969,1969,1,,0,0,0,0,,,,0,0,3,0,0,0,0
Joe Ironstone,1926,1928,2,,0,0,1,3,,,,1.64,1,110,0,0,0,0
Leland Irving,2012,2013,13,12,3,4,4,36,367,331,0.902,3.25,0,664,0,1,1,0
Pat Jablonski,1990,1998,128,,28,62,18,413,3411,2998,0.879,3.74,1,6634,0,4,4,13
Doug Jackson,1948,1948,6,,2,3,1,42,,,,7,0,360,0,0,0,0
Percy Jackson,1932,1936,7,,1,3,1,26,,,,3.98,0,392,0,0,0,0
Pauli Jaks,1995,1995,1,,0,0,0,2,25,23,0.92,3,0,40,0,0,0,0
Steve Janaszak,1980,1982,3,,0,1,1,15,,,,5.63,0,160,0,0,0,0
Bob Janecyk,1984,1989,110,,43,47,13,432,3259,2827,0.867,4.15,2,6250,0,4,4,44
Al Jensen,1981,1987,179,,95,53,18,557,2796,2462,0.881,3.35,8,9974,0,4,4,44
Darren Jensen,1985,1986,30,,15,10,1,95,786,691,0.879,3.81,2,1496,0,1,1,2
Bob Johnson,1973,1975,24,,9,9,1,66,,,,3.74,0,1059,0,0,0,23
Brent Johnson,1999,2012,309,85,140,112,31,744,7717,6973,0.904,2.63,14,16978,0,10,10,52
Chad Johnson,2010,2015,56,48,28,14,7,125,1450,1325,0.914,2.41,3,3112,0,1,1,0
Eddie Johnston,1963,1978,592,,234,257,80,1852,,,,3.25,32,34216,0,10,10,26
Martin Jones,2014,2015,33,28,16,10,2,59,786,727,0.925,1.95,7,1812,0,1,1,0
Curtis Joseph,1990,2009,943,16,454,352,96,2516,26795,24279,0.906,2.79,51,54054,0,31,31,126
Joe Junkin,1969,1969,1,,0,0,0,0,,,,0,0,8,0,0,0,0
Jari Kaarela,1981,1981,5,,2,2,0,22,,,,6,0,220,0,0,0,2
Hannu Kamppuri,1985,1985,13,,1,10,1,54,351,297,0.846,5.02,0,645,0,1,1,2
Mike Karakas,1936,1946,336,,114,169,53,1002,,,,2.92,28,20614,0,1,1,9
Henrik Karlsson,2011,2012,26,18,5,9,8,60,630,570,0.905,2.79,0,1292,0,0,0,0
Doug Keans,1980,1988,210,,96,64,26,666,3902,3423,0.877,3.51,4,11388,0,6,6,53
Don Keenan,1959,1959,1,,0,1,0,4,,,,4,0,60,0,0,0,0
Matt Keetley,2008,2008,1,0,0,0,0,0,2,2,1,0,0,9,0,0,0,0
Dave Kerr,1931,1941,427,,203,148,75,954,,,,2.15,51,26639,0,0,0,0
Nikolai Khabibulin,1995,2014,799,206,333,334,97,2071,22329,20258,0.907,2.72,46,45609,0,18,18,134
Anton Khudobin,2010,2015,89,81,41,34,8,196,2457,2261,0.92,2.35,4,5007,0,0,0,4
Trevor Kidd,1992,2004,387,,140,162,52,1014,10237,9223,0.901,2.84,19,21426,0,13,13,36
Scott King,1991,1992,2,,0,0,0,3,16,13,0.813,2.95,0,61,0,0,0,0
Keith Kinkaid,2013,2015,17,11,5,5,3,32,392,360,0.918,2.47,0,778,0,0,0,0
Miikka Kiprusoff,2001,2013,623,386,319,213,71,1500,17114,15614,0.912,2.49,44,36169,0,10,10,47
Terry Kleisinger,1986,1986,4,,0,2,0,14,109,95,0.872,4.4,0,191,0,0,0,2
Julian Klymkiw,1959,1959,1,,0,0,0,2,,,,6.32,0,19,0,0,0,0
Connor Knapp,2014,2014,2,1,0,0,1,4,32,28,0.875,3.12,0,77,0,1,1,0
Rick Knickle,1993,1994,14,,7,6,0,44,363,319,0.879,3.74,0,706,0,0,0,2
Dieter Kochan,2000,2003,21,,1,11,1,56,406,350,0.862,3.96,0,849,0,0,0,0
Vitali Kolesnik,2006,2006,8,,3,3,0,20,178,158,0.888,3.24,0,370,0,1,1,2
Olaf Kolzig,1990,2009,719,60,303,297,87,1885,20118,18233,0.906,2.71,35,41671,0,17,17,107
Evgeny Konstantinov,2001,2003,2,,0,0,0,1,6,5,0.833,2.86,0,21,0,0,0,2
Mikko Koskinen,2011,2011,4,4,2,1,0,15,118,103,0.873,4.33,0,208,0,0,0,0
Brent Krahn,2009,2009,1,0,0,0,0,3,9,6,0.667,9,0,20,0,0,0,0
Darcy Kuemper,2013,2015,61,55,26,22,6,135,1496,1361,0.91,2.49,5,3258,0,0,0,0
Les Kuntar,1994,1994,6,,2,2,0,16,130,114,0.877,3.18,0,302,0,0,0,2
Gary Kurt,1972,1972,16,,1,7,5,60,,,,4.3,0,838,0,0,0,0
Jason LaBarbera,2001,2015,187,124,62,73,20,457,4933,4476,0.907,2.85,6,9615,0,2,2,10
Jean-Francois Labbe,2000,2003,15,,3,6,0,36,323,287,0.889,3.44,0,628,0,0,0,2
Patrick Labrecque,1996,1996,2,,0,1,0,7,47,40,0.851,4.29,0,98,0,0,0,2
Blaine Lacher,1995,1996,47,,22,16,4,123,1089,966,0.887,2.8,4,2636,0,1,1,8
Eddie Lack,2014,2015,76,64,30,28,9,174,2052,1878,0.915,2.44,5,4277,0,0,0,2
Dan LaCosta,2008,2009,4,2,2,0,0,4,85,81,0.953,1.42,1,169,0,0,0,0
Frenchy Lacroix,1926,1926,5,,1,4,0,16,,,,3.43,0,280,0,0,0,0
Rick LaFerriere,1982,1982,1,,0,0,0,1,,,,3,0,20,0,0,0,0
Mark LaForest,1986,1994,103,,25,54,4,354,2689,2335,0.868,4.22,2,5032,0,6,6,65
Simon Lajeunesse,2002,2002,1,,0,0,0,0,9,9,1,0,0,24,0,0,0,0
Patrick Lalime,1997,2011,444,68,200,174,48,1085,11370,10285,0.905,2.58,35,25241,0,6,6,58
Marc Lamothe,2000,2004,4,,2,1,1,13,108,95,0.88,3.24,0,241,0,0,0,0
Scott Langkow,1996,2000,20,,3,12,1,68,474,406,0.857,4.33,0,943,0,0,0,0
Michel Larocque,1974,1984,312,,160,89,45,978,164,133,0.811,3.33,17,17615,0,18,18,18
Michel Larocque,2001,2001,3,,0,2,0,9,59,50,0.847,3.55,0,152,0,0,0,0
Jan Lasak,2002,2003,6,,0,4,0,18,143,125,0.874,4.04,0,267,0,0,0,2
Gary Laskoski,1983,1984,59,,19,27,5,228,321,266,0.829,4.65,0,2942,0,1,1,6
Nathan Lawson,2011,2014,11,7,1,4,2,28,253,225,0.889,4.24,0,396,0,0,0,0
Gord Laxton,1976,1979,17,,4,9,0,74,,,,5.55,0,800,0,0,0,0
Ray LeBlanc,1992,1992,1,,1,0,0,1,22,21,0.955,1,0,60,0,0,0,0
Pascal Leclaire,2004,2011,173,108,61,76,15,453,4698,4245,0.904,2.89,10,9406,0,4,4,8
Manny Legace,1999,2010,365,117,187,99,41,809,9151,8342,0.912,2.41,24,20140,0,9,9,12
Claude Legris,1981,1982,4,,0,1,1,4,,,,2.64,0,91,0,0,0,0
Hugh Lehman*,1927,1928,48,,20,24,4,136,,,,2.68,6,3047,0,0,0,0
Robin Lehner,2011,2015,86,76,30,36,13,230,2676,2446,0.914,2.88,2,4788,0,1,1,6
Kari Lehtonen,2004,2015,508,386,248,182,55,1313,15269,13956,0.914,2.68,32,29349,0,24,24,32
Michael Leighton,2003,2013,105,50,35,41,14,285,2876,2591,0.901,2.97,4,5755,0,3,3,6
Reggie Lemelin,1979,1993,507,,236,162,63,1613,10238,9051,0.884,3.46,12,28006,0,16,16,109
Mike Lenarduzzi,1993,1994,4,,1,1,1,10,99,89,0.899,3.17,0,189,0,0,0,0
David LeNeveu,2006,2011,22,0,5,9,2,61,540,479,0.887,3.43,0,1067,0,0,0,0
Mario Lessard,1979,1984,240,,92,97,39,843,160,134,0.838,3.74,9,13529,0,6,6,30
Jean-Louis Levasseur,1980,1980,1,,0,1,0,7,,,,7,0,60,0,0,0,0
Nathan Lieuwen,2014,2014,7,5,1,4,0,18,191,173,0.906,2.98,0,363,0,0,0,0
Anders Lindback,2011,2015,105,82,37,48,7,264,2739,2475,0.904,2.84,3,5582,0,3,3,2
Pelle Lindbergh,1982,1986,157,,87,49,15,503,3094,2742,0.886,3.3,7,9150,0,5,5,10
Bert Lindsay,1918,1919,20,,6,14,0,118,,,,5.72,0,1238,0,0,0,0
Neil Little,2002,2004,2,,0,2,0,6,37,31,0.838,3.87,0,93,0,0,0,10
David Littman,1991,1993,3,,0,2,0,14,68,54,0.794,5.96,0,141,0,0,0,0
Mike Liut,1980,1992,664,,294,271,74,2221,11260,9917,0.881,3.49,25,38215,0,13,13,22
Ken Lockett,1975,1976,55,,13,15,8,131,,,,3.35,2,2348,0,0,0,8
Howard Lockhart,1920,1925,59,,16,41,0,287,,,,5.05,1,3413,0,0,0,0
Pete LoPresti,1975,1981,175,,43,102,20,668,,,,4.07,5,9858,0,3,3,6
Sam LoPresti,1941,1942,74,,30,38,6,236,,,,3.13,4,4530,0,0,0,0
Danny Lorenz,1991,1993,8,,1,5,0,25,174,149,0.856,4.2,0,357,0,0,0,0
Ron Loustel,1981,1981,1,,0,1,0,10,,,,10,0,60,0,0,0,0
Ron Low,1973,1985,382,,102,203,38,1463,1761,1515,0.86,4.28,4,20502,0,8,8,45
Larry Lozinski,1981,1981,30,,6,11,7,105,,,,4.32,0,1459,0,1,1,0
Harry Lumley*,1944,1960,803,,330,329,142,2206,,,,2.75,71,48044,0,0,0,95
Henrik Lundqvist,2006,2015,614,487,334,207,65,1369,17218,15849,0.92,2.27,55,36255,0,17,17,12
Roberto Luongo,2000,2015,860,434,399,329,105,2057,25439,23382,0.919,2.5,68,49398,0,17,17,38
Joey MacDonald,2007,2014,133,100,44,61,15,367,3748,3381,0.902,3,2,7331,0,1,1,8
Drew MacIntyre,2008,2014,6,1,0,2,0,8,91,83,0.912,2.41,0,199,0,0,0,0
Shawn MacKenzie,1983,1983,4,,0,1,0,15,,,,6.92,0,130,0,0,0,0
Darrin Madeley,1993,1995,39,,4,23,5,140,1059,919,0.868,4.36,0,1928,0,0,0,0
Clint Malarchuk,1982,1992,338,,141,130,45,1100,8995,7980,0.887,3.47,12,19030,0,14,14,134
George Maneluk,1991,1991,4,,1,1,0,15,94,79,0.84,6.43,0,140,0,0,0,2
Cesare Maniago,1961,1978,568,,190,257,97,1773,,,,3.27,30,32569,0,4,4,71
Peter Mannino,2009,2012,6,2,1,1,0,15,127,112,0.882,3.98,0,226,0,0,0,0
Norm Maracle,1998,2002,66,,14,33,8,177,1720,1543,0.897,3.1,1,3430,0,0,0,0
Jussi Markkanen,2002,2007,128,,43,47,15,297,2992,2695,0.901,2.7,7,6610,0,2,2,4
Jacob Markstrom,2011,2015,50,43,13,28,5,137,1315,1178,0.896,3.18,0,2581,0,0,0,0
Jean Marois,1944,1954,3,,1,2,0,15,,,,5,0,180,0,0,0,0
Seth Martin,1968,1968,30,,8,10,7,67,,,,2.59,1,1552,0,1,1,0
Bob Mason,1984,1991,145,,55,65,16,500,4146,3646,0.879,3.76,1,7988,0,4,4,6
Chris Mason,1999,2013,317,205,137,113,32,754,8324,7570,0.909,2.66,23,17004,1,3,4,12
Steve Mason,2009,2015,347,332,148,136,45,890,9875,8985,0.91,2.72,26,19648,0,10,10,20
Markus Mattsson,1980,1984,92,,21,46,14,343,530,451,0.851,4.11,6,5007,0,3,3,6
Darrell May,1986,1988,6,,1,5,0,31,193,162,0.839,5.11,0,364,0,1,1,2
Gilles Mayer,1950,1956,9,,2,6,1,24,,,,2.67,0,540,0,0,0,0
Marek Mazanec,2014,2015,27,23,8,11,4,68,697,629,0.902,2.76,2,1476,0,0,0,0
Ken McAuley,1944,1945,96,,17,64,15,537,,,,5.61,1,5740,0,0,0,0
Jack McCartan,1960,1961,12,,2,7,3,42,,,,3.71,1,680,0,0,0,0
Thomas McCollum,2011,2015,3,0,1,0,0,4,33,29,0.879,2.96,0,81,0,0,0,0
Frank McCool,1945,1946,72,,34,31,7,242,,,,3.36,4,4320,0,0,0,5
Peter McDuffe,1972,1976,57,,11,36,6,218,,,,4.08,0,3207,0,1,1,2
Curtis McElhinney,2008,2015,128,90,40,51,7,305,3211,2906,0.905,2.94,4,6226,0,2,2,2
Tom McGrattan,1948,1948,1,,0,0,0,1,,,,7.5,0,8,0,0,0,0
Ross McKay,1991,1991,1,,0,0,0,3,15,12,0.8,5.14,0,35,0,0,0,0
Mike McKenna,2009,2015,22,19,5,11,2,68,610,542,0.889,3.48,1,1173,0,1,1,0
Bill McKenzie,1974,1980,91,,18,49,13,326,,,,4.1,2,4776,0,1,1,12
Steve McKichan,1991,1991,1,,0,0,0,2,8,6,0.75,6,0,20,0,0,0,0
Murray McLachlan,1971,1971,2,,0,1,0,4,,,,9.6,0,25,0,0,0,0
Kirk McLean,1986,2001,612,,245,262,72,1904,16882,14978,0.887,3.26,22,35090,0,23,23,58
Dave McLelland,1973,1973,2,,1,1,0,10,,,,5,0,120,0,0,0,0
Jamie McLennan,1994,2007,254,,80,109,36,617,6036,5419,0.898,2.68,13,13834,0,3,3,54
Don McLeod,1971,1972,18,,3,10,1,74,,,,5.05,0,879,0,0,0,0
Jim McLeod,1972,1972,16,,6,6,4,44,,,,3,0,880,0,1,1,0
Gerry McNamara,1961,1970,7,,2,2,1,14,,,,2.6,0,323,0,0,0,2
Gerry McNeil,1948,1957,276,,119,105,52,649,,,,2.36,28,16535,0,0,0,2
Gord McRae,1973,1978,71,,30,22,10,221,,,,3.49,1,3799,0,0,0,6
Rob McVicar,2006,2006,1,,0,0,0,0,0,0,,0,0,3,0,0,0,0
Roland Melanson,1981,1992,291,,129,106,33,995,5932,5192,0.875,3.63,6,16452,0,12,12,109
Gilles Meloche,1971,1988,788,,270,351,131,2756,5321,4657,0.875,3.64,20,45401,0,22,22,111
Corrado Micalef,1982,1986,113,,26,59,15,409,1689,1449,0.858,4.24,2,5794,0,5,5,43
Alfie Michaud,2000,2000,2,,0,1,0,5,27,22,0.815,4.35,0,69,0,0,0,0
Olivier Michaud,2002,2002,1,,0,0,0,0,14,14,1,0,0,18,0,0,0,0
Lindsay Middlebrook,1980,1983,37,,3,23,6,152,,,,4.94,0,1845,0,1,1,2
Al Millar,1958,1958,6,,1,4,1,25,,,,4.17,0,360,0,0,0,0
Greg Millen,1979,1992,604,,215,284,89,2281,10190,8921,0.875,3.87,17,35377,0,14,14,72
Joe Miller,1928,1931,127,,24,87,16,383,,,,2.92,16,7871,0,0,0,0
Ryan Miller,2003,2015,603,466,322,209,59,1518,17861,16343,0.915,2.58,35,35255,0,9,9,24
Mike Minard,2000,2000,1,,1,0,0,3,36,33,0.917,3,0,60,0,0,0,0
Eddie Mio,1980,1986,192,,64,73,30,705,1304,1099,0.843,4.06,4,10428,0,11,11,47
Mike Mitchell,1920,1922,22,,10,9,0,88,,,,4.44,0,1190,0,0,0,0
Mike Moffat,1982,1984,19,,7,7,2,70,81,66,0.815,4.29,0,979,0,0,0,2
Al Montoya,2009,2015,110,87,42,33,15,267,2862,2595,0.907,2.7,5,5942,0,1,1,8
Andy Moog,1981,1998,713,,372,209,88,2097,17424,15546,0.892,3.13,28,40151,0,24,24,230
Alfie Moore,1937,1940,21,,7,14,0,81,,,,3.77,1,1290,0,0,0,0
Robbie Moore,1979,1983,6,,3,1,1,8,,,,1.87,2,257,0,1,1,0
Jean-Guy Morissette,1964,1964,1,,0,1,0,4,,,,6.67,0,36,0,0,0,0
Mike Morrison,2006,2007,29,,11,7,3,67,519,452,0.871,3.28,0,1226,0,1,1,2
Tyler Moss,1998,2003,30,,6,16,1,81,746,665,0.891,3.25,0,1496,0,1,1,0
Johnny Mowers,1941,1947,152,,65,61,26,399,,,,2.56,15,9350,0,1,1,2
Jerome Mrazek,1976,1976,1,,0,0,0,1,,,,10,0,6,0,0,0,0
Petr Mrazek,2013,2015,36,29,18,12,1,74,875,801,0.915,2.32,4,1912,0,0,0,0
Adam Munro,2004,2006,17,,4,10,3,51,451,400,0.887,3.3,1,927,0,1,1,2
Hal Murphy,1953,1953,1,,1,0,0,4,,,,4,0,60,0,0,0,0
Mike Murphy,2012,2012,2,0,0,1,0,0,9,9,1,0,0,36,0,0,0,0
Mickey Murray,1930,1930,1,,0,1,0,4,,,,4,0,60,0,0,0,0
Jason Muzzatti,1994,1998,62,,13,25,10,167,1578,1411,0.894,3.32,1,3014,0,1,1,61
Jarmo Myllys,1989,1992,39,,4,27,1,161,1140,979,0.859,5.23,0,1846,0,1,1,4
Sergei Mylnikov,1990,1990,10,,1,7,2,47,330,283,0.858,4.96,0,568,0,0,0,0
Phil Myre,1970,1983,439,,149,198,76,1482,,,,3.53,14,25220,0,10,10,101
Evgeni Nabokov,2000,2015,697,339,353,227,86,1630,18398,16768,0.911,2.44,59,40152,1,15,16,118
Gregg Naumenko,2001,2001,2,,0,1,0,7,29,22,0.759,6,0,70,0,0,0,2
Michal Neuvirth,2009,2015,168,149,66,63,17,422,4776,4354,0.912,2.73,7,9258,0,2,2,2
Cam Newton,1971,1973,16,,4,7,1,51,,,,3.76,0,814,0,1,1,6
Antti Niemi,2009,2015,335,327,188,99,40,780,9254,8474,0.916,2.4,32,19521,0,8,8,6
Antero Niittymaki,2004,2011,234,119,95,86,31,645,6599,5954,0.902,2.95,5,13113,0,3,3,6
Anders Nilsson,2012,2014,23,20,9,9,2,67,660,593,0.898,3.05,1,1319,0,0,0,2
Cristopher Nilstorp,2013,2014,6,5,1,3,1,18,163,145,0.89,3.27,0,330,0,0,0,0
Mika Noronen,2001,2006,71,,23,32,6,163,1642,1479,0.901,2.68,3,3652,1,0,1,4
Fredrik Norrena,2007,2009,100,35,35,45,11,243,2409,2166,0.899,2.79,5,5235,0,1,1,6
Jack Norris,1965,1971,58,,20,25,4,202,,,,3.89,2,3119,0,0,0,0
Pasi Nurminen,2002,2004,125,,48,54,12,338,3519,3181,0.904,2.87,5,7059,0,5,5,39
Mike O'Neill,1992,1997,21,,0,9,2,61,433,372,0.859,4.28,0,855,0,0,0,0
Bill Oleschuk,1976,1980,55,,7,28,10,188,,,,3.98,1,2835,0,0,0,14
Dan Olesevich,1962,1962,1,,0,0,1,2,,,,4.14,0,29,0,0,0,0
Joni Ortio,2014,2015,14,14,8,5,0,30,324,294,0.907,2.33,1,774,0,2,2,0
Chris Osgood,1994,2011,744,115,401,216,95,1768,18629,16861,0.905,2.49,50,42564,1,19,20,137
Maxime Ouellet,2001,2006,12,,2,6,2,34,350,316,0.903,3.08,1,663,0,1,1,2
Ted Ouimet,1969,1969,1,,0,1,0,2,,,,2,0,60,0,0,0,0
Paul Pageau,1981,1981,1,,0,1,0,8,,,,8,0,60,0,0,0,0
Marcel Paille,1958,1965,107,,32,52,22,362,,,,3.42,2,6342,0,1,1,2
Mike Palmateer,1977,1984,356,,149,138,52,1183,986,837,0.849,3.53,17,20131,0,25,25,118
Darren Pang,1985,1989,81,,27,35,7,287,2438,2151,0.882,4.05,0,4252,0,9,9,6
Bernie Parent*,1966,1979,608,,271,198,121,1493,,,,2.55,54,35136,0,12,12,112
Bob Parent,1982,1983,3,,0,2,0,15,,,,5.63,0,160,0,0,0,0
Rich Parent,1998,2001,32,,7,11,5,82,697,615,0.882,3.15,1,1561,0,0,0,4
Dave Parro,1981,1984,77,,21,36,10,274,0,0,,4.09,2,4015,0,2,2,6
Steve Passmore,1999,2004,93,,23,44,12,235,2245,2010,0.895,2.79,2,5045,0,2,2,21
Dimitri Patzold,2008,2008,3,0,0,0,0,4,20,16,0.8,5.45,0,44,0,0,0,0
Ondrej Pavelec,2008,2015,333,315,132,140,42,902,9696,8794,0.907,2.89,13,18755,0,6,6,10
Alexander Pechurski,2010,2010,1,0,0,0,0,1,13,12,0.923,1.67,0,36,0,0,0,0
Pete Peeters,1979,1991,489,,246,155,51,1424,7499,6616,0.882,3.08,21,27699,0,14,14,212
Jean-Marc Pelletier,1999,2004,7,,1,4,0,23,161,138,0.857,3.9,0,354,0,0,0,0
Marcel Pelletier,1951,1963,8,,1,6,0,32,,,,4.86,0,395,0,0,0,2
Steve Penney,1984,1988,91,,35,38,12,313,2226,1913,0.859,3.62,1,5194,0,1,1,17
Bob Perreault,1956,1963,31,,8,16,7,103,,,,3.38,3,1827,0,0,0,0
Justin Peters,2010,2015,80,67,25,37,9,223,2243,2020,0.901,3.08,3,4349,0,2,2,8
Jim Pettie,1977,1979,21,,9,7,2,71,,,,3.68,1,1157,0,0,0,23
Calvin Pickard,2015,2015,16,13,6,7,3,35,511,476,0.932,2.35,0,895,0,0,0,0
Timo Pielmeier,2011,2011,1,0,0,0,0,5,12,7,0.583,7.5,0,40,0,0,0,0
Frank Pietrangelo,1988,1994,141,,46,59,6,490,3845,3355,0.873,4.12,1,7141,0,3,3,36
Jacques Plante*,1953,1973,837,,437,246,145,1964,,,,2.38,82,49533,0,8,8,92
Michel Plasse,1971,1982,299,,92,136,54,1058,,,,3.79,2,16760,0,9,9,62
Justin Pogge,2009,2009,7,6,1,4,1,27,173,146,0.844,4.35,0,372,0,0,0,0
Tomas Popperle,2007,2007,2,,0,0,0,1,14,13,0.929,1.33,0,45,0,0,0,0
Felix Potvin,1992,2004,635,,266,260,85,1694,17864,16170,0.905,2.76,32,36765,0,16,16,82
Kevin Poulin,2011,2015,50,44,18,25,3,140,1392,1252,0.899,3.07,0,2735,0,1,1,0
Carey Price,2008,2015,430,418,220,152,49,1026,12763,11737,0.92,2.43,34,25337,0,11,11,37
Claude Pronovost,1956,1959,3,,1,1,0,7,,,,3.5,1,120,0,0,0,2
Martin Prusek,2002,2006,57,,31,12,4,114,1246,1132,0.909,2.36,3,2898,0,1,1,0
Daren Puppa,1986,2000,429,,179,161,54,1204,11680,10476,0.897,3.03,19,23819,0,18,18,48
Chris Pusey,1986,1986,1,,0,0,0,3,12,9,0.75,4.5,0,40,0,0,0,0
Jonathan Quick,2008,2015,401,391,209,137,45,891,10488,9597,0.915,2.28,37,23442,0,9,9,30
Antti Raanta,2014,2015,39,34,20,9,5,88,999,911,0.912,2.41,3,2189,0,1,1,0
Andre Racicot,1990,1994,68,,26,23,8,196,1632,1436,0.88,3.5,2,3357,0,2,2,6
Bruce Racine,1996,1996,11,,0,3,0,12,101,89,0.881,3.13,0,230,0,0,0,2
Jamie Ram,1996,1996,1,,0,0,0,0,9,9,1,0,0,27,0,0,0,0
Karri Ramo,2007,2015,121,106,43,45,17,320,3354,3034,0.905,2.92,4,6576,0,3,3,16
Bill Ranford,1986,2000,647,,240,279,76,2042,18269,16227,0.888,3.41,15,35936,0,24,24,65
Tuukka Rask,2008,2015,260,240,133,79,34,536,7286,6750,0.926,2.16,26,14876,0,6,6,16
Andrew Raycroft,2001,2012,280,79,113,114,27,732,7339,6607,0.9,2.89,9,15191,0,3,3,14
Alain Raymond,1988,1988,1,,0,1,0,2,20,18,0.9,3,0,40,0,0,0,0
Chuck Rayner*,1941,1953,424,,138,208,77,1294,,,,3.05,25,25491,0,0,0,26
Daryl Reaugh,1985,1991,27,,8,9,1,72,628,556,0.885,3.47,1,1246,0,0,0,4
Pokey Reddick,1987,1994,132,,46,58,16,443,3487,3044,0.873,3.71,0,7162,0,1,1,20
Greg Redquest,1978,1978,1,,0,0,0,3,,,,13.85,0,13,0,0,0,0
Dave Reece,1976,1976,14,,7,5,2,43,,,,3.32,2,777,0,0,0,0
Jeff Reese,1988,1999,174,,53,65,17,529,4381,3852,0.879,3.66,5,8667,0,8,8,30
James Reimer,2011,2015,172,154,73,63,15,447,5087,4640,0.912,2.91,11,9218,0,2,2,6
Glenn Resch,1974,1987,571,,231,224,82,1761,4232,3670,0.867,3.27,26,32279,0,16,16,68
Herb Rheaume,1926,1926,31,,10,20,1,92,,,,2.92,0,1889,0,0,0,0
Damian Rhodes,1991,2002,309,,99,140,48,820,8105,7285,0.899,2.84,12,17339,1,6,7,34
Nick Ricci,1980,1983,19,,7,12,0,79,,,,4.36,0,1087,0,0,0,2
Terry Richardson,1974,1979,20,,3,11,0,85,,,,5.63,0,906,0,1,1,6
Mike Richter,1990,2003,666,,301,258,73,1840,19219,17379,0.904,2.89,24,38183,0,11,11,34
Curt Ridley,1975,1981,104,,27,47,16,355,,,,3.87,1,5498,0,1,1,17
Vincent Riendeau,1988,1995,184,,85,65,20,573,4786,4213,0.88,3.3,5,10423,0,4,4,14
Dennis Riggin,1960,1963,18,,6,10,2,52,,,,3.12,1,999,0,0,0,0
Pat Riggin,1980,1988,350,,153,120,52,1135,4789,4209,0.879,3.43,11,19872,0,8,8,41
Bob Ring,1966,1966,1,,0,0,0,4,,,,7.27,0,33,0,0,0,0
Pekka Rinne,2006,2015,377,364,204,113,41,848,10537,9689,0.92,2.34,36,21711,0,8,8,36
Fern Rivard,1969,1975,55,,9,27,11,190,,,,3.98,2,2865,0,0,0,10
John Ross Roach,1922,1935,492,,219,204,68,1246,,,,2.46,58,30444,0,0,0,0
Moe Roberts,1926,1952,10,,3,5,0,31,,,,3.71,0,501,0,0,0,0
Earl Robertson,1938,1942,190,,60,95,34,575,,,,2.92,16,11820,0,0,0,0
Al Rollins,1950,1960,430,,141,205,83,1192,,,,2.78,28,25723,0,1,1,43
Dwayne Roloson,1997,2012,606,234,227,257,82,1552,16942,15390,0.908,2.72,29,34297,0,14,14,96
Roberto Romano,1983,1994,126,,46,63,8,471,3800,3347,0.881,3.97,4,7111,0,1,1,6
Mike Rosati,1999,1999,1,,1,0,0,0,12,12,1,0,0,28,0,0,0,0
Dominic Roussel,1992,2001,205,,77,70,23,555,5299,4744,0.895,3.12,7,10665,0,4,4,33
Patrick Roy*,1985,2003,1029,,551,315,131,2546,28353,25807,0.91,2.54,66,60235,0,45,45,262
Cody Rudkowsky,2003,2003,1,,1,0,0,0,10,10,1,0,0,30,0,0,0,0
Pat Rupp,1964,1964,1,,0,1,0,4,,,,4,0,60,0,0,0,0
Jim Rutherford,1971,1983,457,,151,227,59,1576,,,,3.65,14,25895,0,15,15,62
Wayne Rutledge,1968,1970,82,,28,37,9,241,,,,3.34,2,4325,0,0,0,11
Jussi Rynnas,2012,2015,5,2,0,2,0,14,90,76,0.844,4.18,0,201,0,0,0,0
Dany Sabourin,2004,2009,57,35,18,25,4,139,1363,1224,0.898,2.87,2,2901,0,1,1,4
Alexander Salak,2010,2010,2,0,0,1,0,6,40,34,0.85,5.37,0,67,0,0,0,0
Tommy Salo,1995,2004,526,,210,225,73,1296,13591,12295,0.905,2.55,37,30436,0,7,7,67
Mike Sands,1985,1987,6,,0,5,0,26,192,166,0.865,5.17,0,302,0,0,0,2
Curtis Sanford,2003,2012,144,56,47,55,15,333,3472,3139,0.904,2.72,6,7354,0,1,1,4
Geoff Sarjeant,1995,1996,8,,1,2,1,20,139,119,0.856,4.12,0,291,0,1,1,4
Bob Sauve,1977,1989,420,,182,154,54,1377,5494,4812,0.876,3.48,8,23711,0,14,14,57
Philippe Sauve,2004,2007,32,,10,14,3,93,832,739,0.888,3.45,0,1616,0,0,0,23
Terry Sawchuk*,1950,1970,971,,447,330,172,2389,,,,2.51,103,57194,0,7,7,229
Joe Schaefer,1960,1961,2,,0,2,0,8,,,,5.58,0,86,0,0,0,0
Nolan Schaefer,2006,2006,7,,5,1,0,11,138,127,0.92,1.88,1,352,0,0,0,2
Paxton Schafer,1997,1997,3,,0,0,0,6,25,19,0.76,4.68,0,77,0,0,0,0
Cory Schneider,2009,2015,208,190,97,69,28,421,5701,5280,0.926,2.14,17,11785,0,8,8,4
Corey Schwab,1996,2004,147,,42,63,13,360,3474,3114,0.896,2.89,6,7476,0,6,6,53
Marek Schwarz,2007,2009,6,0,0,2,0,9,47,38,0.809,4.32,0,125,0,0,0,0
Ron Scott,1984,1990,28,,8,13,4,91,707,616,0.871,3.77,0,1450,0,0,0,2
Travis Scott,2001,2001,1,,0,0,0,3,10,7,0.7,7.2,0,25,0,0,0,0
Ben Scrivens,2012,2015,125,110,42,53,16,325,3548,3223,0.908,2.82,7,6912,0,2,2,20
Richard Sevigny,1980,1987,176,,80,54,20,507,1735,1505,0.867,3.21,5,9485,0,1,1,94
Scott Sharples,1992,1992,1,,0,0,1,4,40,36,0.9,3.69,0,65,0,0,0,0
Steve Shields,1996,2006,246,,80,104,40,606,6510,5904,0.907,2.67,10,13630,0,2,2,78
Mikhail Shtalenkov,1994,2000,190,,62,82,19,480,4722,4242,0.898,2.89,8,9966,0,6,6,14
Richard Shulmistra,1998,2000,2,,1,1,0,3,51,48,0.941,1.48,0,122,0,0,0,0
Peter Sidorkiewicz,1988,1998,246,,79,128,27,832,6470,5638,0.871,3.6,8,13881,0,9,9,20
Jordan Sigalet,2006,2006,1,,0,0,0,0,0,0,,0,0,1,0,0,0,0
Don Simmons,1957,1969,249,,101,101,41,701,,,,2.89,20,14555,0,0,0,14
Gary Simmons,1975,1978,107,,30,57,15,366,,,,3.56,5,6162,0,1,1,50
Kent Simpson,2014,2014,1,0,,,,2,7,5,0.714,6,0,20,0,0,0,0
Mackenzie Skapski,2015,2015,2,2,2,0,0,1,45,44,0.978,0.5,1,119,0,0,0,0
Paul Skidmore,1982,1982,2,,1,1,0,6,,,,3,0,120,0,0,0,0
Warren Skorodenski,1982,1988,35,,12,11,4,100,935,840,0.898,3.46,2,1732,0,0,0,2
Peter Skudra,1998,2003,146,,51,47,20,326,3078,2752,0.894,2.73,6,7162,0,2,2,6
Al Smith,1966,1981,233,,74,99,36,735,,,,3.46,10,12752,0,7,7,145
Billy Smith*,1972,1989,680,,305,233,105,2031,5989,5284,0.882,3.17,22,38431,1,12,13,489
Gary Smith,1966,1980,532,,173,261,74,1675,,,,3.39,26,29619,0,7,7,193
Mike Smith,2007,2015,382,343,160,155,49,972,11039,10067,0.912,2.67,27,21856,1,9,10,91
Normie Smith,1932,1945,199,,81,83,35,479,,,,2.33,17,12357,0,0,0,0
Bob Sneddon,1971,1971,5,,0,2,0,21,,,,5.6,0,225,0,0,0,0
Garth Snow,1994,2006,368,,135,147,44,925,9298,8373,0.901,2.8,16,19837,0,5,5,190
Tommy Soderstrom,1993,1997,156,,45,69,19,496,4265,3769,0.884,3.63,10,8189,0,2,2,13
Doug Soetaert,1976,1987,284,,110,104,42,1030,2908,2521,0.867,3.97,6,15583,0,7,7,68
Christian Soucy,1994,1994,1,,0,0,0,0,0,0,,0,0,3,0,0,0,0
Red Spooner,1930,1930,1,,0,1,0,6,,,,6,0,60,0,0,0,0
Rick St. Croix,1978,1985,130,,49,54,18,451,845,711,0.841,3.71,2,7295,0,2,2,2
Sam St. Laurent,1986,1990,34,,7,12,4,92,810,718,0.886,3.51,1,1572,0,0,0,4
Alex Stalock,2011,2015,46,32,20,12,5,86,1066,980,0.919,2.17,4,2381,0,0,0,4
Rastislav Stana,2004,2004,6,,1,2,0,11,100,89,0.89,3.13,0,211,0,0,0,0
Ed Staniowski,1976,1985,219,,67,104,21,818,586,503,0.858,4.06,2,12075,0,10,10,10
Robb Stauber,1990,1995,62,,21,23,9,209,1892,1683,0.89,3.81,1,3295,0,2,2,22
Greg Stefan,1982,1990,299,,115,127,30,1068,7106,6187,0.871,3.92,5,16333,0,15,15,200
Phil Stein,1940,1940,1,,0,0,1,2,,,,1.71,0,70,0,0,0,0
Tobias Stephan,2008,2009,11,6,1,3,2,29,248,219,0.883,3.49,0,499,0,1,1,0
Wayne Stephenson,1972,1981,328,,146,103,49,937,,,,3.06,14,18343,0,4,4,43
Doug Stevenson,1945,1946,8,,2,6,0,39,,,,4.88,0,480,0,0,0,0
Charles Stewart,1925,1927,77,,30,41,5,194,,,,2.45,10,4742,0,0,0,0
Jim Stewart,1980,1980,1,,0,1,0,5,,,,15,0,20,0,0,0,0
Jamie Storr,1995,2004,219,,85,86,23,488,5317,4829,0.908,2.54,16,11512,0,3,3,26
Herb Stuart,1927,1927,3,,1,2,0,5,,,,1.67,0,180,0,0,0,0
Malcolm Subban,2015,2015,1,1,0,1,0,3,6,3,0.5,5.81,0,31,0,0,0,0
Niklas Svedberg,2014,2015,19,15,8,5,1,37,460,423,0.92,2.31,2,961,0,0,0,0
Don Sylvestri,1985,1985,3,,0,0,2,6,52,46,0.885,3.53,0,102,0,0,0,2
Rick Tabaracci,1989,2000,286,,93,125,30,760,7100,6340,0.893,2.99,15,15255,0,8,8,72
Kari Takko,1986,1991,142,,37,71,14,475,3922,3447,0.879,3.9,1,7317,0,2,2,30
Cam Talbot,2014,2015,56,49,32,15,5,108,1577,1469,0.932,2,8,3246,0,0,0,0
Robbie Tallas,1996,2001,99,,28,42,10,246,2256,2010,0.891,2.91,3,5069,0,0,0,6
John Tanner,1990,1992,21,,2,11,5,65,557,492,0.883,3.6,1,1084,0,0,0,6
Iiro Tarkki,2012,2012,1,0,1,0,0,3,10,7,0.7,4.39,0,41,0,0,0,0
Dave Tataryn,1977,1977,2,,1,1,0,10,,,,7.5,0,80,0,0,0,0
Bobby Taylor,1972,1976,46,,15,17,6,155,,,,4.1,0,2268,0,1,1,16
Daniel Taylor,2008,2013,3,2,1,1,0,8,78,70,0.897,3.43,0,140,0,0,0,0
Mikael Tellqvist,2003,2009,113,33,45,41,10,303,2967,2664,0.898,3.01,6,6034,0,2,2,2
Harvey Teno,1939,1939,5,,2,3,0,15,,,,3,0,300,0,0,0,0
Chris Terreri,1987,2001,406,,151,172,43,1143,10623,9480,0.892,3.07,9,22369,0,13,13,37
Jose Theodore,1996,2013,648,243,286,254,69,1635,17983,16348,0.909,2.68,33,36607,1,16,17,40
Jocelyn Thibault,1994,2008,586,7,238,238,75,1508,15706,14198,0.904,2.75,39,32892,0,6,6,18
Brad Thiessen,2012,2012,5,4,3,1,0,16,113,97,0.858,3.72,0,258,0,0,0,2
Tim Thomas,2003,2014,426,305,214,145,49,1027,12822,11795,0.92,2.52,31,24448,0,7,7,43
Wayne Thomas,1973,1981,243,,103,93,34,766,,,,3.34,10,13768,0,7,7,41
Tiny Thompson*,1929,1940,553,,284,194,75,1183,,,,2.08,81,34175,0,1,1,0
Hannu Toivonen,2006,2008,61,17,18,24,10,183,1658,1475,0.89,3.37,1,3259,0,0,0,10
Dustin Tokarski,2010,2015,26,21,9,9,4,66,716,650,0.908,2.85,1,1391,0,2,2,2
Mike Torchia,1995,1995,6,,3,2,1,18,172,154,0.895,3.3,0,327,0,0,0,0
Josh Tordjman,2009,2009,2,2,0,2,0,8,62,54,0.871,4.07,0,118,0,0,0,0
Vesa Toskala,2002,2010,266,142,129,82,30,679,6957,6278,0.902,2.76,13,14767,0,10,10,16
Andrei Trefilov,1993,1999,54,,12,25,4,153,1481,1328,0.897,3.45,2,2663,0,0,0,10
Vincent Tremblay,1980,1984,58,,12,26,8,223,142,118,0.831,4.8,1,2785,0,2,2,4
Ted Tucker,1974,1974,5,,1,1,1,10,,,,3.39,0,177,0,0,0,0
Ron Tugnutt,1988,2004,537,,186,239,62,1497,14205,12708,0.895,3.05,26,29486,0,7,7,12
Marty Turco,2001,2012,543,216,275,167,66,1216,13447,12231,0.91,2.36,41,30957,0,22,22,168
Roman Turek,1997,2004,328,,159,115,43,734,7886,7152,0.907,2.31,27,19095,0,12,12,30
Joe Turner,1942,1942,1,,0,0,1,3,,,,2.57,0,70,0,0,0,0
Matt Underhill,2004,2004,1,,0,1,0,4,33,29,0.879,3.93,0,61,0,0,0,0
Rogie Vachon,1967,1982,795,,355,291,127,2310,,,,2.99,51,46298,0,10,10,47
Steve Valiquette,2000,2010,46,27,16,14,5,103,1085,982,0.905,2.74,4,2256,0,1,1,4
John Vanbiesbrouck,1982,2002,882,,374,346,119,2503,24678,22176,0.899,2.98,40,50475,0,38,38,310
Semyon Varlamov,2009,2015,263,250,134,90,32,648,7879,7231,0.918,2.55,18,15227,0,6,6,12
Andrey Vasilevskiy,2015,2015,15,12,7,4,1,31,387,356,0.92,2.3,1,808,0,0,0,0
Mike Veisor,1974,1984,139,,41,62,26,532,286,240,0.839,4.09,5,7806,0,3,3,2
Mike Vernon,1983,2002,781,,385,273,92,2206,19921,17726,0.89,2.98,27,44449,0,39,39,271
Georges Vezina*,1918,1926,190,,103,81,5,633,,,,3.28,13,11592,0,0,0,2
Gilles Villemure,1964,1977,205,,100,64,29,542,,,,2.81,13,11581,0,2,2,10
Mark Visentin,2014,2014,1,1,0,1,0,3,32,29,0.906,3.05,0,59,0,0,0,0
Tomas Vokoun,1997,2013,700,306,300,288,78,1688,20313,18625,0.917,2.55,51,39695,0,23,23,125
Jimmy Waite,1989,1999,106,,28,41,12,293,2279,1986,0.871,3.35,4,5253,0,1,1,10
Darcy Wakaluk,1989,1997,191,,67,75,21,524,4739,4215,0.889,3.22,9,9756,0,6,6,90
Ernie Wakely,1963,1972,113,,41,42,17,290,,,,2.79,8,6244,0,3,3,2
Michael Wall,2007,2007,4,,2,2,0,10,81,71,0.877,2.97,0,202,0,1,1,0
Flat Walsh,1927,1933,108,,48,43,16,256,,,,2.31,12,6641,0,0,0,0
Rick Wamsley,1981,1993,407,,204,131,46,1287,8543,7516,0.88,3.34,12,23123,0,9,9,52
Cam Ward,2006,2015,507,408,244,188,58,1320,14624,13304,0.91,2.73,22,29020,1,10,11,24
Jim Watt,1974,1974,1,,0,0,0,2,,,,6,0,20,0,0,0,0
Kevin Weekes,1998,2009,348,18,105,163,39,903,9262,8359,0.903,2.88,19,18837,0,3,3,18
Steve Weeks,1981,1993,290,,111,119,33,989,5830,5090,0.873,3.74,5,15879,0,7,7,21
Tyler Weiman,2008,2008,1,0,0,0,0,0,10,10,1,0,0,16,0,0,0,0
Carl Wetzel,1965,1968,7,,1,4,1,22,,,,4.39,0,301,0,0,0,0
Kay Whitmore,1989,2002,155,,60,64,16,508,4050,3542,0.875,3.54,4,8600,0,9,9,43
Derek Wilkinson,1996,1999,22,,3,12,3,57,453,396,0.874,3.67,0,933,0,0,0,2
Jordan Willis,1996,1996,1,,0,1,0,1,14,13,0.929,3.16,0,19,0,0,0,0
Dunc Wilson,1970,1979,287,,80,150,33,988,,,,3.74,8,15851,0,4,4,83
Lefty Wilson,1954,1958,3,,0,0,1,1,,,,0.74,0,81,0,0,0,0
Hal Winkler,1927,1928,75,,35,26,14,126,,,,1.6,21,4739,0,0,0,0
Bernie Wolfe,1976,1979,120,,20,61,21,424,,,,4.17,1,6104,0,1,1,17
Alex Wood,1937,1937,1,,0,1,0,3,,,,2.57,0,70,0,0,0,0
Gump Worsley*,1953,1974,861,,335,352,150,2407,,,,2.88,43,50183,0,3,3,145
Roy Worters*,1926,1937,484,,171,229,83,1143,,,,2.27,67,30175,0,0,0,0
Chris Worthy,1969,1971,26,,5,10,4,98,,,,4.43,0,1326,0,0,0,6
Ken Wregget,1984,2000,575,,225,248,53,1917,16675,14758,0.885,3.63,9,31663,0,24,24,182
Matthew Yeats,2004,2004,5,,1,3,0,13,141,128,0.908,3.02,0,258,0,0,0,2
Vitali Yeremeyev,2001,2001,4,,0,4,0,16,104,88,0.846,4.53,0,212,0,0,0,0
Allen York,2012,2012,11,5,3,2,0,16,199,183,0.92,2.3,0,417,0,0,0,0
Wendell Young,1986,1995,187,,59,86,12,618,4977,4359,0.876,3.94,2,9410,0,10,10,20
Matt Zaba,2010,2010,1,0,0,0,0,2,16,14,0.875,3.53,0,34,0,0,0,0
Mike Zanier,1985,1985,3,,1,1,1,12,100,88,0.88,3.89,0,185,0,0,0,0
Jeff Zatkoff,2014,2015,21,18,12,7,2,52,599,547,0.913,2.58,1,1208,0,1,1,0
Rob Zepp,2015,2015,10,9,5,2,0,25,223,198,0.888,2.89,0,519,0,0,0,0
